{"cameraMode":{"drawMode":0,"name":"Shaded","section":"Shading Mode"},"sceneLighting":false,"audioPlay":false,"sceneViewState":{"showFog":true,"showMaterialUpdate":false,"showSkybox":false,"showFlares":true,"showImageEffects":true,"showParticleSystems":true},"in2DMode":false,"pivot":{"x":1.7681396007537842,"y":2.4087064266204836,"z":-32.1763801574707},"rotation":{"x":-0.032795242965221408,"y":0.8264522552490234,"z":-0.04840271547436714,"w":-0.5599634051322937},"size":3.6230547428131105,"orthographic":false}