{"cameraMode":{"drawMode":0,"name":"Shaded","section":"Shading Mode"},"sceneLighting":false,"audioPlay":false,"sceneViewState":{"showFog":true,"showMaterialUpdate":false,"showSkybox":false,"showFlares":true,"showImageEffects":true,"showParticleSystems":true},"in2DMode":false,"pivot":{"x":2.51041841506958,"y":1.7650114297866822,"z":-40.3689079284668},"rotation":{"x":-0.0638250857591629,"y":0.6759909391403198,"z":-0.058960042893886569,"w":-0.7317699193954468},"size":2.431650400161743,"orthographic":false}