{"cameraMode":{"drawMode":0,"name":"Shaded","section":"Shading Mode"},"sceneLighting":false,"audioPlay":false,"sceneViewState":{"showFog":true,"showMaterialUpdate":false,"showSkybox":false,"showFlares":true,"showImageEffects":true,"showParticleSystems":true},"in2DMode":false,"pivot":{"x":3.4380195140838625,"y":1.0238044261932374,"z":-36.14968490600586},"rotation":{"x":0.26827409863471987,"y":-0.6112675666809082,"z":0.23175792396068574,"w":0.7075799107551575},"size":3.9581687450408937,"orthographic":false}